{
  "update_time": "2026-07-07 17:58:18",
  "weights": {
    "低PE": 0.16666666666666666,
    "RSI超卖反转": 0.16666666666666666,
    "国产替代": 0.16666666666666666,
    "低PB": 0.16666666666666666,
    "低估值修复": 0.16666666666666666,
    "首板回调": 0.16666666666666666
  },
  "total_weight": 1.0
}